{"val_accuracy":0.6443864427296111,"val_loss":0.24513209338777217,"train_loss":0.013458637705343968,"_timestamp":1.732837909750307e+09,"train_accuracy":0.837984238972135,"_runtime":3923.704181878,"learning_rate":5.000003307274865e-07,"_wandb":{"runtime":4259},"epoch":2,"_step":2}