{
    "0.0": {
        "precision": 0.9907766442043444,
        "recall": 0.9519985530837403,
        "f1-score": 0.9710005903187722,
        "support": 27645.0
    },
    "1.0": {
        "precision": 0.9538065234796533,
        "recall": 0.9911376379092061,
        "f1-score": 0.9721138153693323,
        "support": 27645.0
    },
    "accuracy": 0.9715680954964732,
    "macro avg": {
        "precision": 0.9722915838419989,
        "recall": 0.9715680954964732,
        "f1-score": 0.9715572028440522,
        "support": 55290.0
    },
    "weighted avg": {
        "precision": 0.9722915838419989,
        "recall": 0.9715680954964732,
        "f1-score": 0.9715572028440522,
        "support": 55290.0
    }
}