{
    "fs": {
        "accuracy": 0.712,
        "precision": 0.6577380952380952,
        "recall": 0.884,
        "f1": 0.7542662116040956,
        "auc": 0.779504
    },
    "fd": {
        "accuracy": 0.628,
        "precision": 0.5860215053763441,
        "recall": 0.872,
        "f1": 0.7009646302250804,
        "auc": 0.703456
    },
    "ms": {
        "accuracy": 0.666,
        "precision": 0.6317460317460317,
        "recall": 0.796,
        "f1": 0.7044247787610619,
        "auc": 0.74696
    },
    "md": {
        "accuracy": 0.692,
        "precision": 0.6463414634146342,
        "recall": 0.848,
        "f1": 0.7335640138408305,
        "auc": 0.7802079999999999
    }
}