{
    "KinFaceW-I": {
        "fs": {
            "accuracy": 0.6346153846153846,
            "precision": 0.5897435897435898,
            "recall": 0.8846153846153846,
            "f1": 0.7076923076923077,
            "auc": 0.7486850756081525
        },
        "fd": {
            "accuracy": 0.6082089552238806,
            "precision": 0.5743589743589743,
            "recall": 0.835820895522388,
            "f1": 0.6808510638297872,
            "auc": 0.6459122298952996
        },
        "ms": {
            "accuracy": 0.5560344827586207,
            "precision": 0.5333333333333333,
            "recall": 0.896551724137931,
            "f1": 0.6688102893890675,
            "auc": 0.6368906064209275
        },
        "md": {
            "accuracy": 0.5708661417322834,
            "precision": 0.5473684210526316,
            "recall": 0.8188976377952756,
            "f1": 0.6561514195583596,
            "auc": 0.6718953437906875
        }
    },
    "KinFaceW-II": {
        "fs": {
            "accuracy": 0.66,
            "precision": 0.6086956521739131,
            "recall": 0.896,
            "f1": 0.7249190938511327,
            "auc": 0.75136
        },
        "fd": {
            "accuracy": 0.592,
            "precision": 0.5621621621621622,
            "recall": 0.832,
            "f1": 0.6709677419354839,
            "auc": 0.645632
        },
        "ms": {
            "accuracy": 0.61,
            "precision": 0.5741239892183289,
            "recall": 0.852,
            "f1": 0.6859903381642513,
            "auc": 0.7312319999999999
        },
        "md": {
            "accuracy": 0.628,
            "precision": 0.5824742268041238,
            "recall": 0.904,
            "f1": 0.7084639498432602,
            "auc": 0.764656
        }
    }
}