{
    "0": {
        "precision": 0.5155598886669917,
        "recall": 0.6940598670561836,
        "f1-score": 0.5916395232380832,
        "support": 47238.0
    },
    "1": {
        "precision": 0.5320402810607777,
        "recall": 0.3478343706338118,
        "f1-score": 0.4206551375430422,
        "support": 47238.0
    },
    "accuracy": 0.5209471188449977,
    "macro avg": {
        "precision": 0.5238000848638846,
        "recall": 0.5209471188449977,
        "f1-score": 0.5061473303905627,
        "support": 94476.0
    },
    "weighted avg": {
        "precision": 0.5238000848638846,
        "recall": 0.5209471188449977,
        "f1-score": 0.5061473303905627,
        "support": 94476.0
    }
}