{
    "accuracy": 0.5209471188449977,
    "roc_auc": 0.5633342053665957,
    "pr_auc": 0.5424368376670132,
    "feature_stats": {
        "kin_mean_similarity": 0.6196894645690918,
        "nonkin_mean_similarity": 0.5388025045394897,
        "kin_std_similarity": 0.2503737807273865,
        "nonkin_std_similarity": 0.27386870980262756
    }
}