{
    "fs": {
        "accuracy": 0.6762820512820513,
        "precision": 0.6368159203980099,
        "recall": 0.8205128205128205,
        "f1": 0.7170868347338936,
        "auc": 0.775887573964497
    },
    "fd": {
        "accuracy": 0.6119402985074627,
        "precision": 0.5735294117647058,
        "recall": 0.8731343283582089,
        "f1": 0.6923076923076923,
        "auc": 0.6813878369347294
    },
    "ms": {
        "accuracy": 0.6594827586206896,
        "precision": 0.6121212121212121,
        "recall": 0.8706896551724138,
        "f1": 0.7188612099644128,
        "auc": 0.7271848989298454
    },
    "md": {
        "accuracy": 0.7007874015748031,
        "precision": 0.6424581005586593,
        "recall": 0.905511811023622,
        "f1": 0.7516339869281046,
        "auc": 0.7681195362390725
    }
}