{
    "kin_mean_similarity": 0.9111683964729309,
    "nonkin_mean_similarity": 0.3328673541545868,
    "kin_std_similarity": 0.11660238355398178,
    "nonkin_std_similarity": 0.382579505443573
}