{
    "KinFaceW-I": {
        "fs": {
            "accuracy": 0.5,
            "precision": 0.5,
            "recall": 1.0,
            "f1": 0.6666666666666666,
            "auc": 0.7323307034845496
        },
        "fd": {
            "accuracy": 0.5,
            "precision": 0.5,
            "recall": 1.0,
            "f1": 0.6666666666666666,
            "auc": 0.6136110492314547
        },
        "ms": {
            "accuracy": 0.4956896551724138,
            "precision": 0.49783549783549785,
            "recall": 0.9913793103448276,
            "f1": 0.6628242074927954,
            "auc": 0.6200951248513675
        },
        "md": {
            "accuracy": 0.5,
            "precision": 0.5,
            "recall": 0.9763779527559056,
            "f1": 0.6613333333333333,
            "auc": 0.649761299522599
        }
    },
    "KinFaceW-II": {
        "fs": {
            "accuracy": 0.498,
            "precision": 0.49899799599198397,
            "recall": 0.996,
            "f1": 0.664886515353805,
            "auc": 0.729248
        },
        "fd": {
            "accuracy": 0.502,
            "precision": 0.5010141987829615,
            "recall": 0.988,
            "f1": 0.6648721399730821,
            "auc": 0.654048
        },
        "ms": {
            "accuracy": 0.5,
            "precision": 0.5,
            "recall": 1.0,
            "f1": 0.6666666666666666,
            "auc": 0.6892480000000001
        },
        "md": {
            "accuracy": 0.5,
            "precision": 0.5,
            "recall": 0.992,
            "f1": 0.6648793565683646,
            "auc": 0.726576
        }
    }
}